<?xml version="1.0" encoding="UTF-8" standalone="yes"?>
<addon id="plugin.video.multimediamaster" name="[I][COLOR=blue]Multimedia[/COLOR] [COLOR=darkorange]Master[/COLOR][/I]" version="2017.12.17" provider-name="https://multimediamaster.tv">
  <requires>
    <import addon="xbmc.python" version="2.1.0"/>
    <import addon="script.module.requests"/>
  </requires>
  <extension point="xbmc.python.pluginsource" library="default.py">
        <provides>video executable</provides>
  </extension>
  <extension point="xbmc.addon.metadata">
    <summary lang="en">Multimedia Master</summary>
    <description lang="en">"Multimedia Master" i "Multimedia Master Edycja Specjalna" podlegają prawom własności intelektualnej należącym do serwisu [COLOR=grey]multimediamaster.tv[/COLOR]. Na jednego zarejestrowanego w serwisie [COLOR=grey]multimediamaster.tv[/COLOR] zezwala się na trzy instalacje podstawowej edycji Multimedia Master. Zabrania się sprzedaży i rozpowszechniania bez porozumienia i wiedzy właściciela.</description>
	<disclaimer lang="en">Multimedia Master nie dostarcza bezpośrednio telewizji, filmów, seriali, muzyki ani żadnych treści audio/wideo. Jest zbiorem powszechnie dostępnych wtyczek. Projekt ten ma na celu jedynie ułatwić użytkownikowi wielogodzinne ustawianie programu Kodi, instalacje wtyczek czy odciążyć w żmudnych poszukiwaniach nowych interesujących dodatków. Jeżeli dana wtyczka nie działa zgodnie z założeniem należny kontaktować się bezpośrednio z jej autorem. Jeżeli stan taki utrzymuje się dłużnej taka wtyczka może zostać usunięta z zawartości MM lub MMES.
Kodi jest programem darmowym. Wtyczki, które są zawarte w projekcie Multimedia Master (MM i MMES) są również darmowe i powszechnie dostępne w internecie dla każdego.
[B][COLOR red]Serwis multimediamaster.tv nie odpowiada za nieprawidłowe korzystanie z wtyczek lub/i oprogramowania przez użytkowników.[/COLOR][/B]
 
Kodi is an open source, free media center. Add-ons that are available in MM or MMES are also free and available to anyone on the internet.
Multimedia Master Wizard is not bringing directly any tv signal, movies, tv series, music or any other audio/visual content. All content is reachable only through these 3rd party add-ons. Multimedia Master has only one in mind - to help out common user to comfortably use Kodi. Everything comes pre-installed and composed to make the whole experience as friendly as possible.</disclaimer>
    <website>https://multimediamaster.tv</website>
    <platform>all</platform>
  </extension>
</addon>
